start_date,end_date,progress,duration_seconds,finished,recorded_date,campus,group_number,nanostore_name,address,coordinates_text,street_type,location_type,store_size,latitude,longitude,valid_coords
2025-09-25 09:21:28,2025-09-25 09:23:13,100,105,True,2025-09-25 09:23:14,CSF,1,Sin nombre,,,Secondary,Middle of the street,20-50m²,0.0,0.0,False
2025-09-25 09:21:10,2025-09-25 09:26:48,100,337,True,2025-09-25 09:26:48,CSF,1,Abarrotes Lupita,"La Alborada 18, Los Pastores, 53340 Naucalpan de Juárez, Méx., México","19.484506767338527, -99.22369884419231",Secondary,Corner shop,51-100m²,42.3612541,-71.08473,False
2025-09-25 15:51:11,2025-09-25 15:55:03,100,232,True,2025-09-25 15:55:04,GDL,2,Abarrotes El Sauce,"Victoria 12, Modelo, 53330 Naucalpan de Juárez, Méx., México","19.485080254736015, -99.22564890582203",Secondary,Corner shop,51-100m²,42.3612281,-71.0847891,False
2025-09-30 15:19:40,2025-10-01 07:18:10,100,57510,True,2025-10-01 07:18:11,CSF,2,Abts. La Sorpresa,Av. Secretaría de la Marina 552,"19.391527,-99.265182",Primary,Middle of the street,20-50m²,0.0,0.0,False
2025-09-25 16:50:52,2025-10-01 15:13:58,100,512586,True,2025-10-01 15:13:58,GDL,1,Sin nombre,,,Secondary,Middle of the street,20-50m²,0.0,0.0,False
2025-10-01 15:18:32,2025-10-01 16:05:01,100,2788,True,2025-10-01 16:05:02,GDL,19,Tiendita de Guadalajara,"San Bonifacio 447, Vallarta Sur, 44500 Guadalajara, Jal.","20.673509162316385, -103.39752695415586",Secondary,Middle of the street,>100m²,0.0,0.0,False
2025-10-02 11:13:44,2025-10-02 11:16:50,100,185,True,2025-10-02 11:16:54,CSF,"Abarca,Barbosa,Casta√±os",Abarrotes Brenda,https://maps.app.goo.gl/kC8sdL9XZonpwowZ8,"19.3756920, -99.2886760",Secondary,Middle of the street,<20m²,19.3755881,-99.2884934,True
2025-10-02 09:45:05,2025-10-02 13:19:38,100,12872,True,2025-10-02 13:19:43,CSF,9,La principal,"Local 130 al interior del Mercado ""El Chorrito, Gobernador Melchor Muzquiz S/N, San Miguel Chapultepec I Secc, Miguel Hidalgo, 11840 Ciudad de México, CDMX","(19.410535,-99.190342)",Primary,Corner shop,51-100m²,0.0,0.0,False
2025-10-02 15:32:15,2025-10-02 15:38:43,100,387,True,2025-10-02 15:38:46,GDL,16,Carnes finas Las lomas,"AV paseo del anochecer 311, solares residencial,45019",20•43’31N 103•28’17O,Primary,Corner shop,51-100m²,20.725283115386468,-103.4714554864376,True
2025-10-02 15:40:53,2025-10-02 15:44:10,100,197,True,2025-10-02 15:44:14,GDL,15,MiniSuper Express,https://maps.app.goo.gl/fao4nP6YmX8iViq87?g_st=ipc,"(20.7476860, -103.4385434)",Secondary,Middle of the street,51-100m²,20.747602468855103,-103.43829419824796,True
2025-10-02 16:06:17,2025-10-02 16:11:14,100,297,True,2025-10-02 16:11:20,GDL,20,Punto Tec,"Avenida General Ramón Corona, Valle Real, 45019 Zapopan, Jal.","(20.7313497, -103.4545421)",Primary,Middle of the street,51-100m²,20.731562731069992,-103.4546388594348,True
2025-10-02 16:24:03,2025-10-02 16:29:21,100,318,True,2025-10-02 16:29:22,GDL,17,Super Imperial,"Avenida valle de los imperios 536, int 8, Valle Imperial, 45134 Zapopan, Jal","20.7818658,-103.4312723",Secondary,Corner shop,20-50m²,0.0,0.0,False
2025-10-02 16:53:14,2025-10-02 16:56:14,100,179,True,2025-10-02 16:56:16,GDL,18,De Todo Mini Súper,Boulevard Velle imperial 530 interior b,"20.7818070, -103.4313610",Primary,Corner shop,51-100m²,20.7817989,-103.431396,True
2025-10-04 14:26:38,2025-10-04 14:28:13,100,95,True,2025-10-04 14:28:16,GDL,14,Supermarket,"Avenida Acueducto 805 Santa Margarita 45140 Zapopan, Jal. Mexico","Avenida Acueducto 805 Santa Margarita 45140 Zapopan, Jal. Mexico",Primary,Corner shop,51-100m²,20.72811742844517,-103.4207337022786,True
2025-10-04 15:03:02,2025-10-04 15:09:24,100,382,True,2025-10-04 15:09:28,CSF,24,"Manantiales (nombre no visible en la entrada de la tienda, le preguntamos al dueño)","Los Encinos 7, Monton Cuarteles, 52778 Naucalpan de Juárez, Méx.   Entre los Encinos 7 y los Encinos 8 (después de abarrotes Encino en la esquina). ","(19.4086034, -99.2756970)",Secondary,Corner shop,<20m²,19.39540032736164,-99.29181481194954,True
2025-10-05 14:15:33,2025-10-05 14:20:07,100,273,True,2025-10-05 14:20:08,GDL,21,Cremeria Bosques,"Blvrd Bosques de Sta Anita 1285, Bosques de Santa Anita, 45645 Guadalajara, Jal.","20.568620653676867, -103.48728319281471",Primary,Middle of the street,20-50m²,20.568834351536097,-103.4874276128124,True
2025-10-06 07:38:47,2025-10-06 07:43:37,100,289,True,2025-10-06 07:43:38,CSF,5,"Miscelanea ""El viejito""","05520 La Venta, CDMX","19.334714647086056, -99.30973775800784",Secondary,Middle of the street,51-100m²,0.0,0.0,False
2025-10-06 16:57:40,2025-10-06 17:00:12,100,152,True,2025-10-06 17:00:16,CSF,25,"Super ""Las Fuentes""","Manzana 033, Fuentes de Satelite, 52998 Ciudad López Mateos, State of Mexico","19.52191° N, 99.25986° W",Primary,Middle of the street,20-50m²,0.0,0.0,False
2025-10-07 11:38:47,2025-10-07 11:42:29,100,222,True,2025-10-07 11:42:32,CSF,4,SuperFarma,"San Bartolome, Coatepec, No. 180","19.4199, -99.2976",Primary,Corner shop,51-100m²,19.420178974468023,-99.2976231451154,True
2025-10-08 10:36:40,2025-10-08 10:49:16,100,755,True,2025-10-08 10:49:20,CSF,7,Abarrotes El Bohemio,"Av. Tamaulipas 126, Santa Lucía Reacomodo, Álvaro Obregón, 01500 Ciudad de México, CDMX","19.35648° N, 99.25999° O",Secondary,Corner shop,<20m²,19.35649745633073,-99.25991357585625,True
2025-10-08 10:33:34,2025-10-08 10:54:37,100,1262,True,2025-10-08 10:54:43,CSF,10,La Tía Marta,"145 San Miguel Xalapa, Mexico City","19.31427° N, 99.33067° W",Secondary,Middle of the street,<20m²,0.0,0.0,False
2025-10-09 10:29:07,2025-10-09 10:43:40,100,873,True,2025-10-09 10:43:42,GDL,12,La cremeria de la Granja,"Azaleas 2340, Bugambilias, 45239 Zapopan, Jal.","JH42+FP Zapopan, Jalisco",Secondary,Middle of the street,51-100m²,0.0,0.0,False
2025-10-22 09:08:18,2025-10-22 09:18:51,100,633,True,2025-10-22 09:18:54,GDL,13,"Carnes finas ""Las Lomas""","Av. Paseo del Anochecer 311, Solares Residencial, 45019 Zapopan, Jal.","20.725599022624316, -103.47142246199553",Primary,Corner shop,51-100m²,0.0,0.0,False
2025-11-05 11:50:03,2025-11-05 11:55:34,100,331,True,2025-11-05 11:55:36,CCM,27,El Sauce,"Victoria 12, Modelo, 53330 Naucalpan de Juárez, Méx., México","19.485092, -99.225657",Secondary,Corner shop,20-50m²,42.3624704,-71.0934528,False
2025-11-05 13:17:57,2025-11-05 13:28:02,100,604,True,2025-11-05 13:28:03,QRO,21,Miscelanea Ortiz,"76220, La Cruz, 76220 Santa Rosa Jáuregui, Qro.","20.736308, -100.442782",Primary,Corner shop,>100m²,0.0,0.0,False
2025-11-05 13:28:25,2025-11-05 13:29:32,100,66,True,2025-11-05 13:29:33,QRO,24,Miscelánea Ortiz,"76220, La Cruz, 76220 Santa Rosa Jáuregui, Qro.","20.736308, -100.442782",Primary,Corner shop,51-100m²,0.0,0.0,False
2025-11-07 10:46:29,2025-11-07 10:51:15,100,286,True,2025-11-07 10:51:19,QRO,17,Frutería Linda vista,"Near Calle Invierno 156, Linda Vista, 76168 Santiago de Querétaro, Qro.","(20.6076228, -100.3967068)",Secondary,Middle of the street,51-100m²,20.60760650658137,-100.39663736764432,True
2025-11-07 11:26:10,2025-11-07 11:28:50,100,159,True,2025-11-07 11:28:53,QRO,24,Místico,"Near C. Felipe Ángeles 32-36, Santa Catarina, Santiago de Querétaro, Qro.","(20.6064434, -100.3994387)",Primary,Middle of the street,51-100m²,0.0,0.0,False
2025-11-07 12:36:49,2025-11-07 12:45:22,100,513,True,2025-11-07 12:45:25,QRO,"Abarca,Barbosa,Casta√±os",Candely,Na ,Na ,Primary,Corner shop,20-50m²,20.62001781517163,-100.40494416155153,True
2025-11-07 17:07:59,2025-11-07 17:11:55,100,236,True,2025-11-07 17:11:56,QRO,123,Miscelanea Candely Ⅱ,https://maps.app.goo.gl/YGAZ9CQmswiibAta7,"20.620057, -100.404931",Secondary,Corner shop,20-50m²,20.6897152,-100.4732416,True
2025-11-07 17:09:30,2025-11-07 17:19:26,100,595,True,2025-11-07 17:19:30,CVA,38,Abarrotes Lore,"H. Preciado 200, Ocotepec, 62220 Cuernavaca, Mor.","(18.9675109, - 99.2275829)",Secondary,Middle of the street,20-50m²,18.96770104454577,-99.22734969058324,True
2025-11-07 21:21:02,2025-11-07 21:23:56,100,174,True,2025-11-07 21:23:58,CVA,91,Bud light Vicky,"266 C. 1 Pte. Cuautla de Morelos, Morelos","18.806112, -98.934120",Secondary,Middle of the street,<20m²,18.9559906,-99.274924,True
2025-11-08 09:55:25,2025-11-08 10:03:27,100,482,True,2025-11-08 10:03:29,CVA,408,Abarrotes alma,https://maps.app.goo.gl/4ua1WTrnVbMQyHM5A,https://maps.app.goo.gl/4ua1WTrnVbMQyHM5A,Primary,Middle of the street,20-50m²,18.94389610316282,-99.2636924715782,True
2025-11-09 14:27:09,2025-11-09 14:36:24,100,554,True,2025-11-09 14:36:25,QRO,803,Lupita,"C. Guadalupe 158, Modelo, 76178 Santiago de Querétaro, Qro.","20.58046617834832, -100.41960803696958",Secondary,Middle of the street,20-50m²,0.0,0.0,False
2025-11-10 07:42:34,2025-11-10 07:47:00,100,265,True,2025-11-10 07:47:03,QRO,784,Miscelánea candely 2,"C. Lago de Tlahuac 103, Lomas de San Pablo, 76125 Santiago de Querétaro, Qro.","20.620057, -100.404931",Secondary,Corner shop,20-50m²,20.620062429793386,-100.4049974391064,True
2025-11-10 08:15:23,2025-11-10 08:19:55,100,272,True,2025-11-10 08:19:57,QRO,692,KESOS,Paseo de La Reforma 4-148,"20°36'39.8""N 100°22'05.6""W",Primary,Middle of the street,<20m²,0.0,0.0,False
2025-11-10 10:47:46,2025-11-10 10:51:57,100,251,True,2025-11-10 10:52:00,TOL,785,La comercial,"Gral. José Vicente Villada 69, Espiritu Santo, 52140 Metepec, Méx., México","19.25212, -99.60435",Secondary,Corner shop,51-100m²,0.0,0.0,False
2025-11-10 11:03:23,2025-11-10 11:11:36,100,493,True,2025-11-10 11:11:37,CEM,699,Abarrotes Campos,https://maps.app.goo.gl/WPHb1gUeVga9Uacg6,"19.595282003393372, -99.22967075767231",Primary,Middle of the street,>100m²,0.0,0.0,False
2025-11-10 11:34:37,2025-11-10 11:52:52,100,1094,True,2025-11-10 11:52:53,CEM,815,Tienda y Abarrotes Dori,"Calle Arroz 4, Lomas de San Miguel, 52928 Ciudad Adolfo López Mateos, MEX, México","19.594586, -99.232305",Primary,Middle of the street,<20m²,19.5970135,-99.2262075,True
2025-11-10 14:20:13,2025-11-10 14:37:41,100,1047,True,2025-11-10 14:37:42,QRO,811,Cremeria La económica,"Lomas de San Pablo, 76125 Santiago de Querétaro, Qro.","20.621005739484186, -100.4052815631011",Secondary,Middle of the street,51-100m²,20.61285719446977,-100.40353124065632,True
2025-11-10 15:11:59,2025-11-10 15:19:01,100,422,True,2025-11-10 15:19:02,TOL,776,Misc. La Rivera,"Manzana 001, Bosques ICA Residencial, 51355 San Luis Mextepec, Méx.","19.303392,-99.716863",Secondary,Middle of the street,20-50m²,0.0,0.0,False
2025-11-10 15:05:37,2025-11-10 15:19:10,100,813,True,2025-11-10 15:19:11,QRO,756,Miscelanea Lupita,"C. Kilimanjaro 309, Loma Bonita, 76118 Santiago de Querétaro, Qro.","20.65098874957882, -100.44848343635879",Secondary,Middle of the street,20-50m²,20.54129220298617,-100.40247344885786,True
2025-11-10 16:43:16,2025-11-10 16:48:40,100,323,True,2025-11-10 16:48:43,CHI,676,Mini Super Tarin,"República de Uruguay, Panamericana, 31210 Chihuahua, Chih.","28.648956,-106.112180",Primary,Corner shop,<20m²,28.6489522,-106.1121816,True
2025-11-10 17:11:47,2025-11-10 17:15:25,100,217,True,2025-11-10 17:15:26,QRO,823,Bodega Super,"Av. Duraznos, Las Flores, 76220 Santa Rosa Jáuregui, Qro.","(20.7366025, –100.4425555)",Secondary,Corner shop,20-50m²,0.0,0.0,False
2025-11-10 17:26:32,2025-11-10 17:51:10,100,1477,True,2025-11-10 17:51:11,CEM,783,Abarrotes El Molino,https://maps.app.goo.gl/4BykSqkVtRdEzKmi6?g_st=ac,"19.604912,-99.230942",Secondary,Middle of the street,20-50m²,0.0,0.0,False
2025-11-11 08:30:19,2025-11-11 08:33:13,100,173,True,2025-11-11 08:33:15,CCM,771,“SUPER COAPA”,"Cacahuatales 14, Coapa, Coapa 2da Secc, Tlalpan, 14300 Ciudad de México, CDMX","19.300905, -99.117770",Secondary,Middle of the street,20-50m²,0.0,0.0,False
2025-11-11 12:19:34,2025-11-11 12:28:08,100,513,True,2025-11-11 12:28:12,TOL,"Abarca,Barbosa,Casta√±os",Mi tiendita,"Calle José Maria Heredia Norte 216, San Antonio Buenavista, 50266 San Antonio Buenavista, Méx.","(19.2631451, -99.7074552)",Secondary,Middle of the street,20-50m²,19.2676735,-99.7074393,True
2025-11-11 15:47:22,2025-11-11 15:51:08,100,225,True,2025-11-11 15:51:10,CCM,779,"Abarrotes ""Sport 1""","San Camilo, Coapa, Ex de San Juan de Dios, Tlalpan, 14387 Ciudad de México, CDMX","19.286373, -99.132171",Secondary,Middle of the street,<20m²,19.2863949,-99.1321014,True
2025-11-11 18:42:52,2025-11-11 18:49:23,100,390,True,2025-11-11 18:49:24,QRO,739,Miscelánea Baby’s," C. del Porvenir 139, El Porvenir, 76158 Santiago de Querétaro, Qro.","20.609480, -100.403895",Secondary,Middle of the street,20-50m²,20.60958881167075,-100.40389288936488,True
2025-11-11 21:27:45,2025-11-11 21:35:45,100,480,True,2025-11-11 21:35:46,CEM,695,El Lapiz,"Av. de las Gaviotas 44, Las Arboledas, 52950 Cdad. López Mateos, Méx.","19.568629180246237, -99.22048530258454",Secondary,Middle of the street,20-50m²,19.5670771,-99.2223408,True
2025-11-12 08:24:22,2025-11-12 08:36:05,100,703,True,2025-11-12 08:36:08,CSF,838,El Vikingo,"Av. Tamaulipas S/N, Lomas de Santa Fe, Pueblo de Sta Lucía, Cuajimalpa de Morelos, 01219 Ciudad de México, CDMX","(19.3566843, -99.2601747)",Primary,Middle of the street,<20m²,0.0,0.0,False
2025-11-12 08:56:55,2025-11-12 09:02:45,100,350,True,2025-11-12 09:02:49,TOL,839,Abarrotes “El Supercito”,"Calle Prof Cándido Jaramillo Manzana 033, Jesus Jimenez Gallardo, 52169 San Jorge Pueblo Nuevo, Méx.","19.261188947393617, -99.6324906147016",Secondary,Corner shop,20-50m²,19.2611136264444,-99.63256862686929,True
2025-11-12 09:04:34,2025-11-12 09:08:11,100,217,True,2025-11-12 09:08:15,LAG,870,la naranja,https://maps.apple/p/vxWk~YF-tjEqG6,"25.50862° N, 103.38902° O",Primary,Corner shop,>100m²,25.508811352359157,-103.38884914782822,True
2025-11-12 09:04:36,2025-11-12 09:08:57,100,261,True,2025-11-12 09:09:01,CHI,960,La Esmeralda,"Río Coatzacoalcos, Junta de los Ríos, 31300 Chihuahua, Chih.","28.667633,-106.073489",Secondary,Corner shop,20-50m²,28.667717641852764,-106.0734818527294,True
2025-11-12 08:58:12,2025-11-12 09:11:27,100,794,True,2025-11-12 09:11:28,CHI,897,"Abarrotes ""La estrella""","Gabino Barreda 4926, Las Granjas, 31100 Chihuahua, Chih","28°40'08.0""N 106°05'50.6""W",Secondary,Corner shop,51-100m²,28.6739267,-106.0773983,True
2025-11-12 09:07:25,2025-11-12 09:11:43,100,258,True,2025-11-12 09:11:46,CHI,879,Abarrotes El Demócrata,"Calle Ignacio Allende 1400, Zona Centro, 31000 Chihuahua, Chih.","28.63074° N, 106.07786° O",Secondary,Corner shop,51-100m²,28.630784920730186,-106.077602187028,True
2025-11-12 09:16:56,2025-11-12 09:22:24,100,327,True,2025-11-12 09:22:27,LAG,840,Miscelanea la Gaviota,https://maps.app.goo.gl/EmWAcijka4WoqjDe6,"25.528868,-103.402806",Primary,Corner shop,<20m²,0.0,0.0,False
2025-11-12 09:22:45,2025-11-12 09:26:36,100,230,True,2025-11-12 09:26:37,LAG,840,Super VIP,"C. Pavorreal 4790, Casa Blanca, 27265 Torreón, Coah.","(25.5282802, -103.4001617)",Primary,Corner shop,20-50m²,0.0,0.0,False
2025-11-12 09:02:32,2025-11-12 09:29:10,100,1598,True,2025-11-12 09:29:14,LAG,950,Mini súper Paraíso,"C. del Paraiso, Torreón Residencial, 27268 Torreón, Coah.","25.52487° N, 103.40424° O",Primary,Middle of the street,20-50m²,0.0,0.0,False
2025-11-12 09:26:27,2025-11-12 09:30:03,100,215,True,2025-11-12 09:30:07,CHI,878,ABARROTES “EL SUPERSITO”,"Avenida Ignacio Zaragoza 2505 Brisas del Real 31104 Chihuahua, Chih. México","28.67652° N, 106.09301° O",Primary,Corner shop,20-50m²,28.67657182764526,-106.09294681763454,True
2025-11-12 09:00:01,2025-11-12 09:30:22,100,1820,True,2025-11-12 09:30:25,LAG,939,Miscelánea Reyes,"Calle 37, entre Allende y Matamoros","25°32'26.1""N 103°24'32.3""W",Secondary,Middle of the street,<20m²,25.51663966356483,-103.39821118556137,True
2025-11-12 09:27:11,2025-11-12 09:30:24,100,192,True,2025-11-12 09:30:28,LAG,859,Super 5 y 5,"Avenida Panamá 1910 Nuevo San Isidro 27100 Torreón, Coah. Mexico","25.57212° N, 103.42274° W",Secondary,Middle of the street,<20m²,25.572155467828622,-103.42271130422054,True
2025-11-12 09:28:58,2025-11-12 09:31:29,100,150,True,2025-11-12 09:31:31,CHI,1003,mini súper Ruiz,"https://maps.apple.com/place?address=Avenida%20Antonio%20de%20Deza%20y%20Ulloa%204723,%20Progreso,%2031210%20Chihuahua,%20Chih.,%20Mexico&coordinate=28.645968,-106.105262&name=Mini%20Super%20Ruiz&place-id=IBD0E6BA0D3CE57C7&map=explore","28.64659° N, 106.10539° W",Secondary,Middle of the street,51-100m²,0.0,0.0,False
2025-11-12 09:29:21,2025-11-12 09:36:04,100,403,True,2025-11-12 09:36:09,LAG,950,Minisúper Alex,"Aquiles Serdán 175, División del Nte., 27270 Torreón, Coah.","25.53941° N, -103.47428° O.  ",Primary,Middle of the street,51-100m²,0.0,0.0,False
2025-11-12 09:25:50,2025-11-12 09:36:50,100,659,True,2025-11-12 09:36:51,CEM,885,La Casita,"224 Potrero Popular San Francisco Coacalco, Estado de México","19.652787016217765, -99.07767464012588",Secondary,Middle of the street,20-50m²,0.0,0.0,False
2025-11-12 09:32:23,2025-11-12 09:41:05,100,521,True,2025-11-12 09:41:06,LAG,949,La mamachita," C. Turín, Torreón Residencial, 27268 Torreón, Coah.","(25.5240291, -103.4014190)",Primary,Middle of the street,20-50m²,25.52392000285577,-103.40137743575906,True
2025-11-12 09:38:57,2025-11-12 09:46:32,100,455,True,2025-11-12 09:46:36,LAG,913,MICELANEA EDUARDO,"Napo 323, La Merced II, 27276 Torreón, Coah.","25.5238987,-103.3915323",Secondary,Corner shop,51-100m²,0.0,0.0,False
2025-11-12 09:49:15,2025-11-12 09:50:42,100,86,True,2025-11-12 09:50:47,LAG,1006,miscelánea Michell,"Calle del Remate 1791 Prados la Merced 27296 Torreón, Coah. México","25.50731° N, 103.38918° O",Secondary,Middle of the street,20-50m²,25.507393393022813,-103.38940105947708,True
2025-11-12 09:45:33,2025-11-12 09:50:49,100,316,True,2025-11-12 09:50:51,LAG,970,Super Carniceria Lileana,"C. Turín 8, Torreón Residencial, 27268 Torreón, Coah.","25.521747, -103.402008",Secondary,Corner shop,20-50m²,0.0,0.0,False
2025-11-12 09:47:38,2025-11-12 09:52:15,100,277,True,2025-11-12 09:52:19,LAG,937,Súper La Vid,"Guayas 86, La Merced II, 27276 Torreón, Coah.","(25.5241199, -103.3913898)",Secondary,Corner shop,<20m²,25.524051764547064,-103.39143057189392,True
2025-11-12 09:30:52,2025-11-12 09:57:01,100,1569,True,2025-11-12 09:57:04,LAG,950,Food Market,"Calle Valle 207 Torreón Residencial 27268 Torreón, Coah. México","25.52394° N, 103.40432° O",Primary,Corner shop,>100m²,0.0,0.0,False
2025-11-12 10:05:51,2025-11-12 10:09:54,100,242,True,2025-11-12 10:09:58,CHI,1000,"Abarrotes ""La esmeralda""","Río Coatzacoalcos, Junta de los Ríos, 31300 Chihuahua, Chih.","28.667713,-106.073510",Secondary,Corner shop,51-100m²,0.0,0.0,False
2025-11-12 10:09:51,2025-11-12 10:15:16,100,325,True,2025-11-12 10:15:18,PUE,"Alvarez Zinser, Santa Olalla Chavez, Solis V√°zquez, Hernandez Hasso","""La Esperanza""","Av 16 de Septiembre 14, Centro, 74325 Chipilo de Francisco Javier Mina, Pue.","19.005636789430195, -98.33234252051012",Primary,Middle of the street,51-100m²,0.0,0.0,False
2025-11-12 10:24:14,2025-11-12 10:30:06,100,351,True,2025-11-12 10:30:09,CEM,"Lerma, Romero, Ventura",Abarrotes “Súper La Loma”,"Blvrd Popocatépetl 144, Hab los Pirules, 54040 Tlalnepantla, Méx.","(19.5470407, -99.2218886)",Primary,Middle of the street,20-50m²,19.54709680516919,-99.22194330772892,True
2025-11-12 10:27:07,2025-11-12 10:32:27,100,320,True,2025-11-12 10:32:30,TOL,"Sanchez, Villafuerte, Delgado",Felipa Álvarez,"708-802, Nueva Oxtotitlán, 50100 Toluca","(19.2809890, -99.6815914)",Secondary,Corner shop,20-50m²,19.28078505530042,-99.68160200788218,True
2025-11-12 10:31:12,2025-11-12 10:36:47,100,334,True,2025-11-12 10:36:50,LAG,"Ruiz,Luevanos,Necochea",Mini super la comarca,"P.º de los Calvos 1463, Residencial Campestre la Rosita, 27250 Torreón, Coah.","25.51624° N, 103.40629° W",Secondary,Corner shop,<20m²,25.51636990366543,-103.40625676657244,True
2025-11-12 10:33:34,2025-11-12 10:46:35,100,780,True,2025-11-12 10:46:36,TOL,"Gutierrez,Plata,Flores","Miscelánea, Recauderia y Pollería “La Islita”","Cerca de Rancho San Lucas, 52282 Ex-Rancho San Dimas, Méx.","(19.1716085, -99.5664129)",Primary,Corner shop,20-50m²,19.172270160168942,-99.56729291495938,True
2025-11-12 10:34:15,2025-11-12 10:47:33,100,798,True,2025-11-12 10:47:36,CSF,"Iniguez, Belendes, Escamilla",La Bodeguita,"Av. José María Morelos mz 61 lt 3, Torres de potrero, 01840 Ciudad de México, CDMX","19.331141,-99.245206",Secondary,Middle of the street,20-50m²,0.0,0.0,False
2025-11-12 10:10:44,2025-11-12 10:52:58,100,2534,True,2025-11-12 10:53:01,TOL,"Medina, Mercado, Ramirez",Miscelánea Anita,"Av. Independencia 101, San Antonio Buenavista, 50266 Toluca de Lerdo, Méx.","(19.2628656, -99.7118745)",Primary,Middle of the street,<20m²,19.26313765348798,-99.70738925980376,True
2025-11-12 10:50:58,2025-11-12 10:57:59,100,420,True,2025-11-12 10:58:01,LAG,"Ochoa,Garza,Medina",Súper ayala,"Calle calz paseo del tecnológico 1488, villas de la hacienda, 27272, Torreón Coah","(25.5165757, - 103.3868328)",Primary,Middle of the street,51-100m²,25.5165804576703,-103.3864763551972,True
2025-11-12 10:58:32,2025-11-12 11:03:48,100,315,True,2025-11-12 11:03:51,LAG,"Camacho,Mu√±oz,Navejas",Super Navarro,"Río Balsas #60, Estrella, 27010 Torreón, Coah.","(25.5607881, -103.4261241)",Primary,Corner shop,51-100m²,0.0,0.0,False
2025-11-12 10:31:37,2025-11-12 11:16:08,100,2671,True,2025-11-12 11:16:09,TOL,"de la Cruz,Rivera,Valdivia","Cremería y Salchichonería ""Violeta""","221 De la Libertad, San Juan de las Huerta, Estado de México","19.246355, -99.759208",Secondary,Middle of the street,<20m²,19.2682165,-99.7068336,True
2025-11-12 11:19:14,2025-11-12 11:29:49,100,634,True,2025-11-12 11:29:53,TOL,"Arroyo,Ramírez,Trujillo",Tienda “Los Betos”,"Dirección cercana: S. Angel 407, Plazas de San Buenaventura, 50110 Toluca de Lerdo, Méx.","(19.2803991, -99.6767765)",Primary,Corner shop,<20m²,19.280329384321,-99.67695664023444,True
2025-11-12 10:40:39,2025-11-12 11:46:30,100,3950,True,2025-11-12 11:46:31,CEM,"González, Martínez, Toledo",Adriana Miscelanea,"Av presidente Juárez, N 12, colonia San José, puente de vigas CP 54090","19.51339° N, 99.21374° O",Primary,Middle of the street,20-50m²,19.59706894937757,-99.2266308275192,True
2025-11-12 11:50:46,2025-11-12 11:52:18,100,91,True,2025-11-12 11:52:22,TOL,"Marmolejo,Perea,Pedroza",Lonja Mercantil “El Centenario”,"Lago de Cuitzeo 115, El Seminario Primera Secc, 50170 Toluca de Lerdo, Méx.","(19.27431,-99.67092)",Secondary,Corner shop,20-50m²,19.274309967154117,-99.6708095362816,True
2025-11-12 12:01:10,2025-11-12 12:02:42,100,91,True,2025-11-12 12:02:43,TOL,"Gutierrez,Plata,Flores",La islita,"Cerca de Rancho San Lucas, 52282 Ex-Rancho San Dimas, Méx.","(19.1716085, -99.5664129)",Primary,Corner shop,20-50m²,0.0,0.0,False
2025-11-12 12:41:02,2025-11-12 12:50:24,100,561,True,2025-11-12 12:50:27,TOL,"Gomez,Franco,Vergara",Miscelánea Vázquez,"C. Juan Rodríguez 703, Morelos Segunda Secc, 50120 Toluca de Lerdo, Méx.","19°16'36.5""N 99°39'52.2""W",Primary,Middle of the street,>100m²,19.276726985868105,-99.66449346379444,True
2025-11-12 12:46:29,2025-11-12 12:51:59,100,330,True,2025-11-12 12:52:00,CCM,"Esquivel,Tessan,Omarzai",La Fiesta Mexicana,"https://www.google.com/maps/place/Fiesta+Mexicana/@19.3437027,-99.1959,13z/data=!3m1!5s0x85ce01e9690bc01d:0xc3d8bf8cae300313!4m10!1m2!2m1!1sla+fiesta+mexicana!3m6!1s0x85d1fe210a6efd45:0x588e83b04d896f09!8m2!3d19.3436952!4d-99.1258769!15sChJsYSBmaWVzdGEgbWV4aWNhbmFaFCISbGEgZmllc3RhIG1leGljYW5hkgENZ3JvY2VyeV9zdG9yZZoBI0NoWkRTVWhOTUc5blMwVkpRMEZuU1VSWE5tUllMVVpSRUFF4AEA-gEECG4QIw!16s%2Fg%2F1tkjljxs?entry=ttu&g_ep=EgoyMDI1MTEwOS4wIKXMDSoASAFQAw%3D%3D","19.34369400214865, -99.12582212132872",Secondary,Middle of the street,20-50m²,0.0,0.0,False
2025-11-12 12:58:07,2025-11-12 13:05:26,100,438,True,2025-11-12 13:05:30,PUE,"Limon, Lopez, Zavala",Súper Bendito,"Naranjo 2, Jesús González Ortega, 72040, Heroica Puebla de Zaragoza","19.07790, -98.21485",Secondary,Middle of the street,>100m²,19.078208102534298,-98.21491988953372,True
2025-11-12 13:22:50,2025-11-12 13:26:25,100,214,True,2025-11-12 13:26:32,CEM,"Bautista, Nava, Ruiz",San Judas Tadeo,"C. de las Espuelas 32, Villas de la Hacienda, 52929 Cdad. López Mateos, Méx.","19.602476318873464, -99.23072208428987",Secondary,Middle of the street,51-100m²,19.597015412269226,-99.22675471641816,True
2025-11-12 14:31:06,2025-11-12 14:39:44,100,517,True,2025-11-12 14:39:45,SLP,"Gonzalez,Santoyo,Gomez",Mini-super ACE,https://maps.app.goo.gl/EReDgbRjBCD6ArD86?g_st=ipc,"22.124222, -100.934806",Secondary,Middle of the street,20-50m²,0.0,0.0,False
2025-11-12 14:32:17,2025-11-12 14:50:35,100,1097,True,2025-11-12 14:50:36,PUE,"de la Rosa Huerta, Artemiza, Galindo Romero, Ana Paula, Garc√≠a Jos√© Mario, Garc√≠a Hernandez, Esmeralda del Roc√≠o, Gonz√°lez Hern√°ndez, H√©ctor, S√°nchez Capilla, David Francisco",Abarrotes Las Brisas,"Av. Netzahualcóyotl, Zona Centro, 95270 Alvarado, Ver.","18.771638657190728, -95.76420871510128",Secondary,Corner shop,<20m²,0.0,0.0,False
2025-11-12 15:02:19,2025-11-12 15:13:56,100,696,True,2025-11-12 15:13:59,SLP,"Bear, Herrera, Robles",Abarrotes Pao,"Magnolias 135, Las Julias","(22.1741013, -101.0181126)",Secondary,Middle of the street,20-50m²,22.17282853474372,-101.0178266313682,True
2025-11-12 16:40:47,2025-11-12 17:35:23,100,3276,True,2025-11-12 17:35:27,CVA,"Villalobos,Saavedra,Gerez",Abarrotes Doña Lola,"Del Panteón 78, El Capulín, 62765 Emiliano Zapata, Mor.","(18.8477859, -99.1868244)",Secondary,Corner shop,<20m²,18.825351216933072,-99.22684525394044,True
2025-11-13 09:37:19,2025-11-13 09:49:12,100,712,True,2025-11-13 09:49:17,CSF,"Ruiz, Viesca, Garc√≠a",Abarrotes “El Faraón”,"Antiguo Camino a Metepec 104B, San Francisco Coaxusco, 52156 San Francisco Coaxusco, Méx.","19.264709,-99.627769",Secondary,Middle of the street,51-100m²,0.0,0.0,False
2025-11-13 10:24:10,2025-11-13 10:28:14,100,243,True,2025-11-13 10:28:19,SLP,"Feres,Rosales,Assad",Abarrotes La Potranca,"Carlos López Zertuche 415, Las Lomas 1ra Secc, 78130 San Luis Potosí, S.L.P.","(22.1397608, -101.0140119)",Secondary,Middle of the street,51-100m²,22.134236998302352,-101.03027107843243,True
2025-11-13 10:58:16,2025-11-13 11:05:42,100,446,True,2025-11-13 11:05:45,SLP,"Benavides,Villarreal,Antuna",El Sarape,https://maps.app.goo.gl/4jcE26FciSvs5NNu7?g_st=ipc,"(22.1552899, -101.0496702)",Primary,Middle of the street,51-100m²,22.15504989873298,-101.05001145369008,True
2025-11-13 10:58:53,2025-11-13 11:11:08,100,734,True,2025-11-13 11:11:11,SLP,"Sandoval,PerezPavon,Jasso",Fruteria el Jarocho,"Av. Cordillera de los Himalaya 402, Lomas 3ra Secc, 78216 San Luis Potosí, S.L.P.","22.1563 °N, -100.9988 °W",Primary,Middle of the street,20-50m²,22.13904718213159,-101.0273903862257,True
2025-11-05 11:51:34,2025-11-13 11:40:09,100,690514,True,2025-11-13 11:40:10,GDL,5,lsakd,asmxnas,3284239487923,Primary,Corner shop,20-50m²,0.0,0.0,False
2025-11-13 11:40:13,2025-11-13 11:41:31,100,77,True,2025-11-13 11:41:32,SIN,"Higuera,Pe√±a,Sepulbeda",kjaksjaskj,jhgfkhgfkh,86548654,Primary,Corner shop,<20m²,0.0,0.0,False
2025-11-13 12:23:22,2025-11-13 12:27:41,100,258,True,2025-11-13 12:27:44,SLP,"Ledezma, Reyes, Reza",Abarrotes luz,"Centella 200, Garita de Jalisco, 78294 San Luis Potosí, S.L.P.","(22.1355419, -101.0163032)",Secondary,Middle of the street,<20m²,22.13550222480601,-101.01630280241643,True
2025-11-13 13:10:04,2025-11-13 13:14:52,100,287,True,2025-11-13 13:14:55,TOL,"Carbajal,Lara,Ortiz",Miscelánea Azteca,"SAN PABLO GUELATAO, Brígida García 300, 50190 Toluca de Lerdo, Méx.","19.268755,-99.641085",Secondary,Corner shop,>100m²,19.2686771,-99.6409969,True
2025-11-13 14:59:46,2025-11-13 15:06:21,100,394,True,2025-11-13 15:06:25,CSF,"MagaNa, Martin, Guzman",El vikingo,https://maps.app.goo.gl/iXeN4jnDkHkGDcS56?g_st=ipc,"(19.3567444, -99.2601808)",Primary,Middle of the street,<20m²,0.0,0.0,False
2025-11-13 15:07:08,2025-11-13 15:13:35,100,387,True,2025-11-13 15:13:38,TOL,"Villafuerte,Mondragon",Cremería y abarrotes Mary,"C. Prado Nte. 231, Casa Blanca, 52175 Metepec, Méx.","19.282784,-99.598555",Secondary,Corner shop,<20m²,19.2828376,-99.5986956,True
2025-11-13 15:41:36,2025-11-13 15:43:23,100,106,True,2025-11-13 15:43:25,CHI,"Martin,Moreira",Mini Súper Ariana,"Calle Rio Florido 2700. 31300 Chihuahua, Chih","28°40'03.4""N 106°04'24.3""W",Secondary,Corner shop,<20m²,28.667601115673047,-106.07344031732516,True
2025-11-13 15:51:08,2025-11-13 15:55:22,100,254,True,2025-11-13 15:55:25,CHI,"Haras,Pe√±a,Fierro",Abarrotes crucero,"Junta de los Ríos, 31300 Chihuahua, Chih.","(28.6655774, -106.0730544)",Secondary,Corner shop,<20m²,28.665276224360117,-106.07314107299004,True
2025-11-13 16:16:37,2025-11-13 16:18:00,100,82,True,2025-11-13 16:18:01,SIN,"Madrid,Coronel",Tortillería y abarrotes VillaVerde,"Viena 4901, Villa Verde, Verde, 80184 Culiacán Rosales, Sin.","24.75042, -107.4322",Primary,Corner shop,51-100m²,24.75029490226059,-107.4320059415981,True
2025-11-13 16:15:09,2025-11-13 16:48:03,100,1974,True,2025-11-13 16:48:06,CVA,"Ramirez Escutia, Maillard Arriola, Gomez Portugal","Abarrotes ""El sol""","Calle sol esquina con central. Número 1, 62430 Cuernavaca, Mor.","18.92523,-99.20779",Secondary,Corner shop,51-100m²,18.9252788,-99.2067398,True
2025-11-13 16:55:28,2025-11-13 17:00:18,100,289,True,2025-11-13 17:00:21,QRO,"Tupait,Godínez,Quintero",Frutería Los Gordos,"Calle Invierno 178A, Linda Vista, 76168 Santiago de Querétaro, Qro.","(20.6070927, -100.3967863)",Secondary,Corner shop,51-100m²,20.60716617745764,-100.39681561092964,True
2025-11-13 10:24:07,2025-11-13 17:30:47,100,25600,True,2025-11-13 17:30:48,SIN,"Romero, Cardenas, Robles, Brito, Grimaldo",Quesos de Oso Nuevo,"Plan de Tuxtepec 3948, Revolución, 80248 Culiacán Rosales, Sin.","24.790167, -107.354444",Primary,Corner shop,20-50m²,0.0,0.0,False
2025-11-13 20:31:17,2025-11-13 20:35:15,100,237,True,2025-11-13 20:35:16,QRO,"De Ligorio, Aboytes,Limón",Abarrotes Yaqui,https://maps.app.goo.gl/WvtWTZBBJ2YebpLq8,"20.62695073460418, -100.39911552241254",Secondary,Corner shop,20-50m²,20.6176256,-100.3749376,True
2025-11-14 06:34:58,2025-11-14 07:03:39,100,1720,True,2025-11-14 07:03:41,CHI,"Alcerreca,DeLaGarza,Herrera",Minisuper Paquimé,"C. Paquimé 5102, Abraham González, 31104 Chihuahua, Chih.","28.671581, -106.091611",Secondary,Corner shop,<20m²,28.671351508867325,-106.09153853627195,True
2025-11-14 07:03:16,2025-11-14 07:08:26,100,309,True,2025-11-14 07:08:27,CVA,"Razo,Ram√≠rez,Ru√≠z",Tortillería y Tiendita Las Brisas,"Brisas de Cozumel 1, Brisas, 62591 Temixco, Mor.","18.847812854977306, -99.22062221936586",Secondary,Middle of the street,20-50m²,18.8477162938266,-99.22047412715192,True
2025-11-14 07:17:05,2025-11-14 07:18:59,100,114,True,2025-11-14 07:19:02,SIN,"Lopez,Montoya,Felix",Súper Valle Alto,"Calle Siete Valles 4854, Valle Alto, 80050, Culiacán Rosales, Sin.","24.80636, -107.46266",Primary,Corner shop,51-100m²,24.80644570491354,-107.46254248676468,True
2025-11-14 07:53:22,2025-11-14 07:57:26,100,243,True,2025-11-14 07:57:27,QRO,"Martinez,Dousset,Perez",Super Alondra,"Av, Prol Zaragoza 1100, El Batan, Valle de los Olivos, 76902 San José de los Olvera, Qro.","20.548346408182084,-100.40994014705646",Secondary,Corner shop,20-50m²,20.5485328,-100.4098229,True
2025-11-14 08:30:18,2025-11-14 08:32:25,100,126,True,2025-11-14 08:32:28,TOL,"Torres, Guevara, T√©llez",Mini Super Jiménez,"Calle Emiliano Zapata 145, Zimbrones, 51355 San Luis Mextepec, Méx.","19.29832435799215, -99.72390356933145",Primary,Middle of the street,51-100m²,19.2980455,-99.7239852,True
2025-11-14 08:46:06,2025-11-14 08:50:05,100,238,True,2025-11-14 08:50:06,CCM,"Palma, Cedillo",Abarrotes las Torres,"Abarrotes Las Torres, Av de las Torres 170, Coapa, Arboledas del Sur, Tlalpan, 14376 Ciudad de México, CDMX","19.2911867,-99.1393538,17",Primary,Corner shop,20-50m²,0.0,0.0,False
2025-11-14 10:00:51,2025-11-14 10:03:05,100,134,True,2025-11-14 10:03:09,TOL,"Navarrete,Sotelo,Tapia",La Comercial,"Gral. José Vicente Villada 69, Espiritu Santo, 52140 Metepec, Méx., México","19.25212, -99.60435",Secondary,Corner shop,51-100m²,19.252023068468404,-99.6044198159122,True
2025-11-14 10:31:44,2025-11-14 10:38:34,100,410,True,2025-11-14 10:38:39,TOL,"Gonzalez,Cid,Rodriguez",La abejita,"Cerca de Alcatraces 91, Izcalli II, 52176 San Salvador Tizatlalli, Méx.","(19.2707759, -99.5923013)",Secondary,Corner shop,20-50m²,19.27070467539408,-99.59229292483916,True
2025-11-14 11:08:59,2025-11-14 11:13:15,100,255,True,2025-11-14 11:13:18,TOL,"Ocampo,Mendoza",Miscelánea la Fortuna,"Cerca de “La cuevita de las tortugas”, 50250 San Antonio Buenavista, 50250 Toluca de Lerdo, Méx.","19.2655483, -99.7069211",Primary,Middle of the street,20-50m²,19.265965784642997,-99.7068346587764,True
2025-11-14 11:42:15,2025-11-14 11:49:41,100,446,True,2025-11-14 11:49:44,TOL,"Ramos,Garcia,Diaz",Lonja la Reina,https://maps.app.goo.gl/jnGeGwWD4uEmgCwX6,"19.264680,-99.635280",Secondary,Corner shop,51-100m²,19.2648282,-99.6352819,True
2025-11-14 11:48:04,2025-11-14 11:55:37,100,452,True,2025-11-14 11:55:40,TOL,"Merlos,Rivas,Flores",Abarrotes Valente,"Cerca de Calle Gral Roque González G. 362, Ocho Cedros, 50170 Toluca de Lerdo, Méx.","(19.2581366, -99.6652332)",Secondary,Middle of the street,20-50m²,19.258147275550154,-99.66521137106352,True
2025-11-14 12:33:57,2025-11-14 12:44:22,100,625,True,2025-11-14 12:44:25,CDJ,"Garcia,Garcia,Verdugo",El Portalitos Abarrotes y Mas,"Av. Morelia 8701, Eréndira, 32663 Juárez, Chih.","31.6738178, -106.4111632",Secondary,Corner shop,20-50m²,31.6738509,-106.4112104,True
2025-11-12 08:27:10,2025-11-14 12:45:00,100,188269,True,2025-11-14 12:45:04,CHI,983,mini super Del Barrio,"María de Jesús Bejarano 213, Barrio del Nte, 31300 Chihuahua, Chih.","28.670667, -106.074082",Secondary,Middle of the street,51-100m²,0.0,0.0,False
2025-11-14 12:40:28,2025-11-14 12:51:04,100,636,True,2025-11-14 12:51:07,TOL,"Ramos,Garcia,Diaz",Moysen Super Tienda,"Esquina citlaltepec, Matlalcueye 101, Xinantécatl, 52158 San Jorge Pueblo Nuevo, Méx.","19.26460584878505, -99.63683905337327",Secondary,Corner shop,20-50m²,19.264522880382877,-99.63623141555765,True
2025-11-14 12:49:18,2025-11-14 12:57:07,100,468,True,2025-11-14 12:57:10,QRO,"Espinosa, Escárcega, Mayagoitia",Miscelánea la Candeli,"Avenida Pie de la Cuesta Desarrollo San Pablo 76125 Santiago de Querétaro, Querétaro ","(20.6232441, -100.4060111)",Primary,Corner shop,<20m²,20.614386646243634,-100.40371697925156,True
2025-11-14 12:55:14,2025-11-14 13:02:20,100,426,True,2025-11-14 13:02:24,LAG,"Ruiz,Luevanos,Necochea",Súper Ayala,"Avenida Andorra 4682 Ex Hacienda Antigua los Ángeles 27260 Torreón, Coah. México","(25.5306413, -103.3993845)",Secondary,Corner shop,20-50m²,25.53082290281144,-103.39916932352888,True
2025-11-14 13:16:57,2025-11-14 13:23:06,100,369,True,2025-11-14 13:23:10,CDJ,"Fierro,Mendez,Vargas",Abarrotes “4 hermanas”,"Av. Valle de Juárez 7380, Frontera, 32427 Juárez, Chih.","31.7373951, -106.4161937",Primary,Middle of the street,20-50m²,31.73744185541851,-106.41629307962803,True
2025-11-14 14:45:36,2025-11-14 14:49:55,100,258,True,2025-11-14 14:50:00,SLP,"Andrade, Garcia, Hernandez",Natura Verde,https://maps.app.goo.gl/NnqUZdEN24YRSPEa7?g_st=ipc,"(22.1285040, -101.0257747)",Secondary,Middle of the street,51-100m²,22.128568323077623,-101.02569321920838,True
2025-11-13 11:41:34,2025-11-14 16:16:34,100,102899,True,2025-11-14 16:16:35,SIN,"Higuera,Pe√±a,Sepulbeda",Abarrote lidia,"Sócrates 3224, Obrero Campesino, 80013 Culiacán Rosales, Sin.","24.832049435173843, -107.37988251499814",Primary,Middle of the street,20-50m²,0.0,0.0,False
2025-11-14 07:51:25,2025-11-14 17:34:26,100,34981,True,2025-11-14 17:34:27,SIN,"Hern√°ndez,Figueroa,Valenzuela",Super el Tango Stase 2,https://maps.app.goo.gl/rMuuXd1RmNNXt4yk7,"24°49'45.4""N 107°24'56.0""W",Primary,Middle of the street,20-50m²,0.0,0.0,False
2025-11-14 17:32:25,2025-11-14 17:42:34,100,608,True,2025-11-14 17:42:37,CVA,MoyaMart√≠nezSanchez,La Fé,https://maps.app.goo.gl/9PsVwpZbxYoJ9QWx7?g_st=ipc,"(18.8969102, -99.1291280)",Secondary,Corner shop,<20m²,0.0,0.0,False
2025-11-14 18:39:39,2025-11-14 18:49:31,100,591,True,2025-11-14 18:49:32,TOL,"Flores,García,Zarza",Tienda Susana,"Ignacio López Rayon 222, Delegación San Buenaventura, 50110 San Buenaventura, Méx","19.26802404563238, -99.68711981470842",Secondary,Middle of the street,<20m²,19.3054032,-99.7267618,True
2025-11-15 12:38:18,2025-11-15 12:59:40,100,1282,True,2025-11-15 12:59:42,CSF,"Lopez,Xolio",Abarrotes Javier," Ocote 26, San Bartolo Ameyalco, La Magdalena Contreras, 10010 Ciudad de Mexico, CDMX","19.3264940, -99.2424460",Secondary,Middle of the street,20-50m²,19.3263756,-99.2424928,True
2025-11-15 13:38:30,2025-11-15 13:42:25,100,234,True,2025-11-15 13:42:28,PUE,"Absari,Castillo,Olvera",Abarrotes El Diego’s," Cam. Real a San Andrés, 72820 San Bernardino Tlaxcalancingo, Pue.","(19.0387461, -98.2749052)",Secondary,Middle of the street,20-50m²,19.038803620957395,-98.27473602281808,True
2025-11-15 11:24:29,2025-11-15 14:05:41,100,9672,True,2025-11-15 14:05:47,CCM,"Bravo,Nieto,Avila",Abarrotes Vianey,"Puerto Vallarta 13, La Bomba, 56600 Chalco de Díaz Covarrubias, Méx.","(19.2711538, -98.8860673)",Secondary,Corner shop,<20m²,19.352146098492177,-99.01562372135793,True
2025-11-15 13:41:19,2025-11-15 15:02:42,100,4883,True,2025-11-15 15:02:46,CSF,"Cruz,Cacho,Tirado",La Nueva,https://maps.app.goo.gl/4KMRCzLi7JMqGjsM7?g_st=ipc,"(19.2761052, -99.5479905)",Secondary,Middle of the street,<20m²,19.27321945402749,-99.54340160068216,True
2025-11-14 07:05:49,2025-11-15 16:07:29,100,118900,True,2025-11-15 16:07:31,TOL,"Adame, Mejia",Cremeria Y Abarrotes Ellie,"Manzana 024, San Bartolome Tlaltelulco, 52160 San Bartolomé Tlaltelulco, Méx.","19°13'34.2""N 99°37'43.9""W",Secondary,Corner shop,20-50m²,19.360335,-99.6404587,True
2025-11-15 18:49:04,2025-11-15 19:53:55,100,3891,True,2025-11-15 19:53:59,CVA,"Aranda,Astudillo,Morales",Abarrotes Don Boni,"Near Izcóatl 32-40, Porvenir, 62577 Jiutepec, Mor.","(18.9168863, -99.1790299)",Secondary,Corner shop,20-50m²,18.91679717176693,-99.17928288222636,True
2025-11-16 09:34:18,2025-11-16 09:37:56,100,218,True,2025-11-16 09:37:59,TOL,"de la Cruz,Rivera,Valdivia",Abarrotes Chely,"México 104, San Juan de las Huertas, 51370 San Juan de las Huertas, Méx.","19.246222, -99.759935",Primary,Middle of the street,20-50m²,0.0,0.0,False
2025-11-16 11:16:49,2025-11-16 11:19:33,100,163,True,2025-11-16 11:19:34,CCM,"Alviter,Rico,Ruiz",Las Vegas,"Av Centenario 674, Colinas de Tarango, Álvaro Obregón, 01610 Ciudad de México, CDMX","(19.3646273, -99.2204140)",Primary,Corner shop,20-50m²,0.0,0.0,False
2025-11-16 16:04:37,2025-11-16 16:13:26,100,528,True,2025-11-16 16:13:27,CHI,"Herrera,Loya",Mini Súper Villas," Yaquis, Villas del Tecnológico, Sin Asignación En Nombre de Asentamiento, 33856 Hidalgo del Parral, Chih."," Yaquis, Villas del Tecnológico, Sin Asignación En Nombre de Asentamiento, 33856 Hidalgo del Parral, Chih.",Secondary,Corner shop,51-100m²,0.0,0.0,False
2025-11-16 17:45:44,2025-11-16 17:49:14,100,209,True,2025-11-16 17:49:17,CHI,"Meza,Erives,Felix",Abarrotes nuevo amanecer,"Emiliano Zapata 1503, Rigoberto Quiroz y Amp, 31064 Chihuahua, Chih.","(28.6025154, -106.0116566)",Secondary,Middle of the street,<20m²,0.0,0.0,False
2025-11-16 16:21:38,2025-11-16 18:25:36,100,7437,True,2025-11-16 18:25:37,CVA,"Juarez,Ruiz,Villafuerte",Frutas y verduras Rebe,"Av. Dr. Alfonso Millán 1, Lomas de Jiutepec, 62566 Jiutepec, Mor.","18.87525443663508, -99.19735860878185",Primary,Corner shop,51-100m²,18.9005824,-99.20512,True
2025-11-17 08:25:42,2025-11-17 08:36:51,100,668,True,2025-11-17 08:36:52,CDJ,"Cisneros,Nu√±ez,Perez",La Costa Azul,"Calle Valle del Sol 348 Villas de la Arboleda 32422 Ciudad Juárez, Chih. Mexico","(31.7390780, -106.4056960)",Primary,Corner shop,20-50m²,31.738984573312862,-106.4057951556267,True
2025-11-17 09:05:34,2025-11-17 09:14:41,100,546,True,2025-11-17 09:14:42,CVA,"Jim√©nez,Lepine,Rodr√≠guez",Vicky,"C. 1 Pte. 266, Plan de Ayala, 62743 Cuautla, Mor.","18.806049, -98.933935",Primary,Middle of the street,20-50m²,18.8056884,-98.934047,True
2025-11-17 09:02:40,2025-11-17 09:25:14,100,1354,True,2025-11-17 09:25:15,CVA,"Romero,Presteguin,Marquez",Abarrotes y rosticeria El Bofe,"62510, Buena Vista, 62510 Cuernavaca, Mor.","18.965079, -99.248104",Primary,Middle of the street,20-50m²,18.9628416,-99.237888,True
2025-11-17 10:57:53,2025-11-17 11:03:13,100,320,True,2025-11-17 11:03:15,CHI,"Mata,Perez,Olivas",Carnes san Agustín,"Av Francisco Villa 6107, Jardines de San Francisco, 31115 Chihuahua,Chih.","28.6650547,-106.1321522",Primary,Middle of the street,51-100m²,28.665459446289148,-106.13001232175986,True
2025-11-17 12:09:15,2025-11-17 12:21:56,100,760,True,2025-11-17 12:21:57,CDJ,"Minjarez,Parada,Villa",Abarrotes Rubi,"Júpiter s/n, C. Júpiter 1546, Satélite, Juárez, Chih.","(31,6772831, -106,3732385)",Secondary,Middle of the street,20-50m²,31.677402113262065,-106.37306574620168,True
2025-11-17 12:05:49,2025-11-17 12:27:52,100,1323,True,2025-11-17 12:27:53,CDJ,"Dominguez,Gonzalez,Miranda","Abarrotes ""Placencia""","Quinta San Nicolás 8324, 32696 Juárez, Chih.","31.62967, -106.41306",Secondary,Corner shop,20-50m²,31.62978280411304,-106.41324549356747,True
2025-11-17 12:48:27,2025-11-17 12:51:13,100,166,True,2025-11-17 12:51:14,CCM,"Villalba, Arcos, Romo",Abarrotes Lupita,"C. Guinea 74, Romero Rubio, Venustiano Carranza, 15400 Ciudad de México, CDMX","19.441066818129265, -99.09899221872584",Secondary,Corner shop,20-50m²,0.0,0.0,False
2025-11-17 15:08:45,2025-11-17 15:28:19,100,1173,True,2025-11-17 15:28:20,SLP,"Casaubon, Mendoza, Reyes",La Petrolera,https://maps.app.goo.gl/rj42dDWDScbp4nC48,"22.433732, -100.275926",Secondary,Corner shop,<20m²,22.429024,-100.290764,True
2025-11-18 07:54:29,2025-11-18 08:02:24,100,474,True,2025-11-18 08:02:27,CVA,"Romano,Arellano,Mart√≠nez",Abarrotes súper en casa,"Near SÚPER EN CASA, Av. Adolfo Ruiz Cortines, San Miguel Acapantzingo, 62446 Cuernavaca, Mor.","(18.9023809, -99.2197689)",Primary,Middle of the street,20-50m²,18.90232452230052,-99.219701725449,True
2025-11-18 07:54:00,2025-11-18 08:05:49,100,709,True,2025-11-18 08:05:51,CDJ,"Lomas,Maycotte,Rodriguez",SUPER Eréndira,"Av. Morelia 7412, Eréndira, 32662 Juárez, Chih.","(31.6735048, -106.4149817)",Secondary,Middle of the street,51-100m²,0.0,0.0,False
2025-11-18 12:22:53,2025-11-18 12:38:05,100,911,True,2025-11-18 12:38:09,CDJ,"Ochoa,Rodriguez,Villalba",ndnx,jb,jj,Primary,Corner shop,20-50m²,31.71586126865499,-106.39380301907802,True
2025-11-18 12:28:51,2025-11-18 12:40:29,100,697,True,2025-11-18 12:40:33,SLP,"Barcelos, Perez, Ramos",Minisuper Karakorum,"Av. Cordillera Karakorum 975, Lomas 4ta Secc, 78216 San Luis Potosí, S.L.P.","(22.137558, -101.027249)",Secondary,Middle of the street,<20m²,22.13778481605376,-101.02707590634547,True
2025-11-18 13:15:48,2025-11-18 13:20:09,100,261,True,2025-11-18 13:20:13,CVA,"Boyas,Barrera",Abarrotes Lopez,https://maps.app.goo.gl/6GoqGfaAMZS7Y4x47,"18.924677, –99.427540",Primary,Middle of the street,<20m²,0.0,0.0,False
2025-11-18 13:21:05,2025-11-18 13:24:42,100,216,True,2025-11-18 13:24:44,CSF,"Valadez,L√≥pez,P√©rez",Abarrotes y Cremeria Peña Hernandez,"Av. Jesús del Monte 92 C, Jesus del Monte, 52764 Ciudad de México, Méx.","19.375627838280913, -99.29397542967693",Primary,Corner shop,<20m²,19.3749218,-99.2944603,True
2025-11-18 12:14:58,2025-11-18 13:49:45,100,5686,True,2025-11-18 13:49:46,SLP,"Aguilera,Solis,Aguirre",Abarrotes Aurora,"C. Tabacos, Tecnologico I, 78146 San Luis Potosí, S.L.P.","22.173598993712794, -101.01114032622144",Secondary,Corner shop,>100m²,0.0,0.0,False
2025-11-18 15:29:08,2025-11-18 15:35:06,100,357,True,2025-11-18 15:35:11,CHI,"Martinez,Prieto,Morales",Mini súper JH,Europa 3900 fraccionamiento continental ,"28.681881,-106.083843",Secondary,Corner shop,<20m²,28.681978305966243,-106.08391824837469,True
2025-11-18 16:07:21,2025-11-18 16:12:22,100,301,True,2025-11-18 16:12:25,SLP,"Torres,Marcos,Ita",Abarrotes Isaac,"Av. Popocatépetl 816, María Cecilia 3a. Secc, 78117 San Luis Potosí, S.L.P","22.20321581443295, -100.99765323376998",Primary,Corner shop,20-50m²,22.2032386,-100.9977083,True
2025-11-18 16:18:36,2025-11-18 16:22:52,100,255,True,2025-11-18 16:22:53,SLP,"Cuevas, Mendez",Quesos y más,https://maps.app.goo.gl/Eff4FJ6NFs1CEeNN7?g_st=ic,"(22.1338129, -101.0388009)",Primary,Middle of the street,<20m²,22.139947346916323,-101.04367009217076,True
2025-11-18 09:40:32,2025-11-18 16:35:54,100,24922,True,2025-11-18 16:35:57,CDJ,"Acosta,Chavez,Cuevas",El rincon de juliana - dulceria,"Av del Charro 436, Fracc. Alamos de San Lorenzo, JUAREZ080370001448-K, 32340 Juárez, Chih.","31.732462,-106,431850",Primary,Corner shop,20-50m²,0.0,0.0,False
2025-11-18 15:39:22,2025-11-18 16:53:54,100,4472,True,2025-11-18 16:53:57,CSF,"Diaz,Shamosh,Acuna",Abarrotes Chabelita,"Near Guardacosta 8, Lomas de Vista Hermosa, Cuajimalpa de Morelos, 05129 Ciudad de México, CDMX","(19.3928146, -99.2656951)",Secondary,Middle of the street,20-50m²,0.0,0.0,False
2025-11-18 19:33:57,2025-11-18 19:35:30,100,92,True,2025-11-18 19:35:33,CDJ,"Ochoa,Rodriguez,Villalba",Abarrotes “COQUI”,"C. Julieta Buchanan 5274-5316, 32380 Juárez, Chih.",5274-5316,Secondary,Middle of the street,20-50m²,31.6860151949823,-106.40264599223195,True
2025-11-18 23:11:20,2025-11-18 23:13:02,100,101,True,2025-11-18 23:13:03,CDJ,"Dominguez,Gonzalez,Miranda",Abarrotes placencia,https://maps.app.goo.gl/HabHeJBSvd6kTK3z9,"31.629619179561352, -106.41301273342195",Secondary,Middle of the street,20-50m²,0.0,0.0,False
2025-11-19 09:11:04,2025-11-19 09:13:40,100,156,True,2025-11-19 09:13:42,LAG,"Martinez,Lavin,Duarte",Molto,https://maps.app.goo.gl/kHZb9kWSdGNYZJ3s5,"(25.5553316, -103.4236079)",Secondary,Corner shop,<20m²,25.555284925278183,-103.4236978808138,True
2025-11-19 09:21:18,2025-11-19 09:31:31,100,612,True,2025-11-19 09:31:33,QRO,"Benavides, Bravo, Galan",El Pollo de la Abuela,"C/ 15 de Mayo, La Santa Cruz, Centro, 76020 Santiago de Querétaro, Qro.","20.597996966666663, -100.38520913333332",Primary,Middle of the street,<20m²,20.597996966666663,-100.38520913333332,True
2025-11-19 09:18:22,2025-11-19 09:41:59,100,1416,True,2025-11-19 09:42:01,LAG,"Soto, Frayre, Fernandez",Rincon los nogales,"Calz Canal de La Concha 249, Rincón de los Nogales, 27054 Torreón, Coah.","25.548544,-103.363205",Secondary,Middle of the street,20-50m²,25.522709,-103.3939803,True
2025-11-19 11:16:04,2025-11-19 11:20:13,100,249,True,2025-11-19 11:20:17,LAG,"Cano,Anaya,Campa",Frutería y Abarrotes Lechuga,"Torreón Residencial, 27268 Torreón, Coah.","(25.5254705, -103.3961464)",Primary,Corner shop,20-50m²,0.0,0.0,False
2025-11-19 11:20:05,2025-11-19 11:23:49,100,223,True,2025-11-19 11:23:52,CHI,"Perez,Jimenez,Batista",Supercito Mary,https://maps.app.goo.gl/fJfvY8g4cPLW9Xfi8,"28.6623782, -106.0697982",Secondary,Middle of the street,20-50m²,28.6623427,-106.0698024,True
2025-11-19 11:25:26,2025-11-19 11:28:15,100,169,True,2025-11-19 11:28:18,SLP,"Martinez,Martinez,Martinez",Super Chito,Lateral carretera Guadalajara 1285#,"(22.1292835, - 101.0377203)",Secondary,Corner shop,51-100m²,22.129210647207035,-101.0378328854196,True
2025-11-19 11:53:23,2025-11-19 12:02:28,100,545,True,2025-11-19 12:02:32,PUE,"Galindo,Acosta,DelaRosa",Miscelánea Sarita,Avenida 3 de Mayo 804A 72550 Heroica Puebla de Zaragoza Pue.,"19.015207,-98.205055",Secondary,Middle of the street,<20m²,19.01508165756097,-98.20515295648272,True
2025-11-19 12:05:22,2025-11-19 12:08:18,100,175,True,2025-11-19 12:08:19,CHI,"Palicio,Ramirez",Minisuper del barrio,"María de Jesús Bejarano 213,  Barrio del Nte, 31300 Chihuahua, Chih.","28.670667, -106.074082",Secondary,Middle of the street,51-100m²,28.670596601468205,-106.07410185980244,True
2025-11-19 12:05:26,2025-11-19 12:12:19,100,413,True,2025-11-19 12:12:23,CSF,"Espejel,Hern√°ndez,Gaxoet",El Molinito,"Corregidora 10, Santa Lucía Reacomodo, Álvaro Obregón, 01509 Ciudad de México, CDMX","(19.3580584, -99.2561729)",Secondary,Corner shop,<20m²,19.35683220241648,-99.25848764586046,True
2025-11-19 12:31:09,2025-11-19 12:56:11,100,1501,True,2025-11-19 12:56:14,CSF,"Suarez,Gonzalez,Avelino",Abarrotes Tamaulipas,"Av. Tamaulipas 115, Santa Lucía, Álvaro Obregón, 01580 Ciudad de México, CDMX","19.35660, -99.25980",Primary,Middle of the street,20-50m²,19.35976885673421,-99.25768487247188,True
2025-11-19 13:39:27,2025-11-19 13:42:56,100,208,True,2025-11-19 13:42:59,QRO,"Carmona,Abdeslam,Uribe",“Frutas y verduras premium”,"Av. Hércules Pte. 215, Hercules, 76069 Santiago de Querétaro, Qro.","(20.6004386, -100.3691599)",Secondary,Middle of the street,51-100m²,20.600553033270145,-100.36907511110311,True
2025-11-19 13:54:59,2025-11-19 13:59:58,100,298,True,2025-11-19 14:00:02,CDJ,"Marin,Medina,Ortega",Six,https://maps.app.goo.gl/gm5FJPzgQVP4NSP48?g_st=ipc,"(31.6769313, -106.3747838)",Secondary,Corner shop,20-50m²,0.0,0.0,False
2025-11-19 17:46:55,2025-11-19 17:49:36,100,160,True,2025-11-19 17:49:39,QRO,"Amezquita,Ordaz,Valeur",Los Manantiales,"76908 Corregidora Municipality, Querétaro",20º32’29.8’N 100º2701.2’W,Primary,Middle of the street,20-50m²,0.0,0.0,False
2025-11-19 18:19:46,2025-11-19 18:31:38,100,711,True,2025-11-19 18:31:40,CVA,"Dominguez,Morales,Orihuela",Abarrotes el Güero,"Av. Compositores, Tlaltenango, 62170 Cuernavaca, Mor.","18.9498920741902, -99.24797115451163",Secondary,Middle of the street,<20m²,0.0,0.0,False
2025-11-19 19:16:18,2025-11-19 19:23:05,100,406,True,2025-11-19 19:23:07,CDJ,"Alejo,Favela,Hernandez",La Tiendita de San Miguel,"C. P° de San Miguel 589, Waterfill Rio Bravo, 32560","(31.6675655, -106.3547266)",Primary,Middle of the street,<20m²,31.666776263784133,-106.3531977612176,True
2025-11-12 16:03:39,2025-11-19 22:00:14,100,626195,True,2025-11-19 22:00:15,PUE,"Gonzalez,Garcia,Sanchez,Garcia",Deposito y Miscelanea Alex,"Insurgentes 33, barrio de, San Sebastián, 90970 Cdad. de San Pablo del Monte, Tlax.","19.120944558362897, -98.18294361269359",Primary,Middle of the street,51-100m²,0.0,0.0,False
2025-11-20 09:23:33,2025-11-20 09:27:07,100,214,True,2025-11-20 09:27:09,QRO,"Fortanell,Cedillo,P√©rez",Plásticos y abarrotes,https://maps.app.goo.gl/PyYD7h2sRmHYXLzj7?g_st=ipc,"(20.6084751, -100.3967145)",Secondary,Middle of the street,20-50m²,20.608985276985752,-100.39681645879784,True
2025-11-20 09:45:08,2025-11-20 09:56:49,100,700,True,2025-11-20 09:56:51,CSF,"Lopez, Hernandez, Rojas","Carnicería y Pollería ""La Fe""","Chabacanos 4, Jardines de San Mateo, 53240 Naucalpan de Juárez, Méx.","(19.4880576, - 99.2561233)",Secondary,Middle of the street,51-100m²,0.0,0.0,False
2025-11-20 10:15:20,2025-11-20 10:19:25,100,244,True,2025-11-20 10:19:28,SLP,"Gonzalez,Ramirez,Ramirez",Himalaya Mart,https://maps.app.goo.gl/TGwprGdmp9qkiDib9?g_st=ipc,"(22.1399875, -101.0292361)",Primary,Middle of the street,51-100m²,22.140225432851,-101.02940385169288,True
2025-11-20 10:50:31,2025-11-20 10:55:45,100,314,True,2025-11-20 10:55:50,CHI,"Herrera,Loya",Abarrotes Milenio,"Nuevos Valores 4664, Juventud Nte, 31124 Chihuahua, Chih.","28.6538, -106.1006",Primary,Corner shop,20-50m²,28.692697532058222,-106.1442192065433,True
2025-11-20 11:12:05,2025-11-20 11:15:51,100,226,True,2025-11-20 11:15:55,SLP,"Hernandez,Zamudio,Zavala",Abarrotes Gurru,https://maps.app.goo.gl/nLo6SnpuMCPFc2U5A,"22.13443° N, 101.01933° W",Secondary,Corner shop,<20m²,0.0,0.0,False
2025-11-20 11:36:34,2025-11-20 11:42:12,100,337,True,2025-11-20 11:42:13,SIN,"G√°mez, Beltran","Abarrote ""La Tiendita""","P.º de Los Laureles 3965, Country Alamos, 80100 Culiacán Rosales, Sin.","24.803669396030546, -107.42481675104717",Secondary,Corner shop,20-50m²,0.0,0.0,False
2025-11-20 11:40:39,2025-11-20 11:42:47,100,128,True,2025-11-20 11:42:50,CHI,"Ortiz,Herrera,Villanueba",Chix,"Río Bravo #4303, C. Río Nazas Esq, Junta de los Ríos, 31300 Chihuahua, Chih.","(28.6679427, -106.0714296)",Secondary,Corner shop,20-50m²,28.66785176587745,-106.07138867388268,True
2025-11-20 11:45:33,2025-11-20 11:50:53,100,319,True,2025-11-20 11:50:55,QRO,"Rodriguez,Escamilla,Muñoz",Kilian,"Química 46, Industrial, 76130 Santiago de Querétaro, Qro.","(20.6196602, -100.4280652)",Secondary,Middle of the street,>100m²,0.0,0.0,False
2025-11-20 11:29:36,2025-11-20 11:56:21,100,1604,True,2025-11-20 11:56:21,CVA,"Romero,Presteguin,Marquez",Abarrotes y rosticería El bofe,"C. Gral.Francisco Villa, Buena Vista, 62130 Cuernavaca, Mor.","18.965139621567424, -99.24799982050592",Primary,Middle of the street,20-50m²,18.907136,-99.221504,True
2025-11-20 11:56:24,2025-11-20 12:03:58,100,454,True,2025-11-20 12:03:59,SIN,"Hern√°ndez,Figueroa,Valenzuela",Super El Tango Stase 2,"Blvd. Diamante 2296, Stase II, 80020 Culiacán Rosales, Sin.","24°49'45""N, 107°24'56""W",Primary,Corner shop,51-100m²,0.0,0.0,False
2025-11-20 12:11:33,2025-11-20 12:12:46,100,72,True,2025-11-20 12:12:48,CHI,"Valles,Robles,Santillanes",Abarrotes san carlos,"Juan de Dios Martin Barba Antes 5769-5711, Luz María, Country Alamos, 31150 Chihuahua, Chih.","28.6769264, -106.0774753",Secondary,Corner shop,<20m²,28.6765546,-106.0775203,True
2025-11-20 12:16:24,2025-11-20 12:17:23,100,58,True,2025-11-20 12:17:24,CHI,"Valles,Robles,Santillanes",Abarrotes San Carlos,"Juan de Dios Martin Barba Antes 5769-5711, Luz María, Country Alamos, 31150 Chihuahua, Chih.","28.6769264, -106.0774753",Secondary,Corner shop,<20m²,28.6769088,-106.0788979,True
2025-11-20 12:19:53,2025-11-20 12:21:50,100,116,True,2025-11-20 12:21:53,CCM,"Guzman,Paz,Becerril",Abarrotes Laura,"Prol. Canal de Miramontes 13, Coapa, Tlalpan, 14380 Ciudad de México, CDMX","19.286239464605362, -99.12832853500149",Primary,Corner shop,20-50m²,19.286402516146552,-99.12818477712446,True
2025-11-20 12:37:32,2025-11-20 12:39:01,100,89,True,2025-11-20 12:39:08,CSF,"Morse,Bernstein,Soria",Misc. La Unión,"Esq. Ato. Retorno Stim, Av. Stim 1289, Cuajimalpa de Morelos, 05129 Ciudad de México, CDMX, México","19.3556 °N, −99.2635 °O.",Primary,Middle of the street,<20m²,19.38591765409088,-99.27499959668016,True
2025-11-20 13:29:32,2025-11-20 13:34:20,100,287,True,2025-11-20 13:34:21,SLP,"Alvarez, Rosas, Silva",Mini super güero,"Editores 108, Himno Nacional 1ra Secc, 78280 San Luis Potosí, S.L.P.","(22.134760,-100.981571)",Secondary,Middle of the street,<20m²,0.0,0.0,False
2025-11-20 14:05:39,2025-11-20 14:09:26,100,226,True,2025-11-20 14:09:27,CEM,"Reyes, Uribe, Villegas",Abarrotes Alivsa,Av. Progreso esquina con Av. del trabajo,"19.988920, -98.297109",Primary,Corner shop,20-50m²,19.5992751,-99.223842,True
2025-11-20 14:44:08,2025-11-20 15:05:19,100,1271,True,2025-11-20 15:05:22,PUE,"Garc√≠a, Guerrero, Cuamatzi",Abarrotes el Güero,"Avenida 87 poniente 921-2  Mayorazgo 72470 Heróica Puebla de Zaragoza, Pue.","19.00221° N, 98.23574° O",Secondary,Middle of the street,<20m²,0.0,0.0,False
2025-11-20 19:04:37,2025-11-20 19:08:02,100,204,True,2025-11-20 19:08:05,CVA,"Cortez,Granados,Luna",Abarrotes las rositas," Rubi 42, La Joya, 62735 La Joya, Mor.","(18.8901456, -99.1233184)",Secondary,Corner shop,<20m²,18.889659425822032,-99.12354548791312,True
2025-11-21 12:10:26,2025-11-21 12:13:21,100,175,True,2025-11-21 12:13:25,CSF,Solana Pederzoli Gandarillas,Papelería Alex,General Salvador Alvarado 23,"(19.4066191, -99.1786275)",Secondary,Corner shop,51-100m²,19.40661386622404,-99.17859884594826,True
2025-11-21 10:36:57,2025-11-21 12:33:05,100,6968,True,2025-11-21 12:33:06,LAG,"delaFuente,Escare√±o,Rosales",Mini Super Dany,"Dirección cercana: Mini Super ""Dany"", San Jorge 5508, Residencial del Valle, 27270 Torreón, Coah.","(25.5316835, -103.3841938)",Primary,Corner shop,<20m²,25.51539401725517,-103.39705784913774,True
2025-11-21 15:15:33,2025-11-21 15:32:58,100,1044,True,2025-11-21 15:33:01,CCM,"Aguilar,Mu√±oz,Martinez",Cremerías “El Rey” Express,"Calle Abasolo 331-Local B, Santa María Tepepan, Xochimilco, 16020 Ciudad de México, CDMX","(19.2740885, -99.1420020)",Secondary,Corner shop,51-100m²,0.0,0.0,False
2025-11-21 15:53:22,2025-11-21 16:38:03,100,2680,True,2025-11-21 16:38:06,PUE,"Barrios, Cabrera, Heredia",Misc. Gaby,"Concepción la Cruz 270, Concepción la Cruz, 72197 San Bernardino Tlaxcalancingo, Pue.","19.020223100, -98.2493809",Secondary,Middle of the street,<20m²,19.05344088208749,-98.2228698187875,True
2025-11-21 17:31:04,2025-11-21 17:35:52,100,287,True,2025-11-21 17:35:55,SIN,"Salinas, Castro","Frutería ""Amarilla""","Blvd. Las Torres #4213, Hacienda de La Mora, 80145 Culiacán Rosales, Sin.","24.759295,-107.454637",Primary,Middle of the street,51-100m²,24.7592581,-107.4547574,True
2025-11-21 18:19:46,2025-11-21 18:28:46,100,540,True,2025-11-21 18:28:49,PUE,"Casta√±eda,Barrera,Pe√±a",Minisuper leom,"Av San Nicolás 11, Guadalupano, 74720 Huehuetlán el Chico, Pue.","18.37330, -98.68995",Primary,Corner shop,<20m²,18.37325332646549,-98.69000464094722,True
2025-11-21 19:55:38,2025-11-21 19:57:27,100,109,True,2025-11-21 19:57:30,SIN,"Padilla, Carmona, Ibarra, Castro, Salinas",Don Luis' store,https://maps.app.goo.gl/DrjvjwAeEDWeo3jb7,"24.820583,-107.431417",Secondary,Middle of the street,20-50m²,0.0,0.0,False
2025-11-22 07:12:23,2025-11-22 07:26:33,100,849,True,2025-11-22 07:26:34,CHI,"Valles,Robles,Santillanes",Super Valles,"Super Valles, Loma Linda, 33815 Hidalgo del Parral, Chih.","26.9389211, -105.6849599",Primary,Middle of the street,>100m²,0.0,0.0,False
2025-11-19 06:36:52,2025-11-22 17:38:21,100,298889,True,2025-11-22 17:38:23,CSF,"Zuniga,Hernandez,Rodriguez",El Comienzo,"numero, C. 34, Olivar del Conde 2da Secc, Álvaro Obregón, 01408 Ciudad de México, CDMX","(19.3705652, -99.2219616)",Secondary,Corner shop,20-50m²,0.0,0.0,False
2025-11-23 15:30:51,2025-11-23 15:34:31,100,220,True,2025-11-23 15:34:34,CHI,"Galaviz,Martinez,Cobos",Tienda Six,"Av. Juarez 4500B, Cerro Cnel. I, Popular, 31350 Chihuahua, Chih.","-28.6503, -106.0634",Primary,Middle of the street,20-50m²,28.650533167056764,-106.0634417327033,True
2025-11-23 15:33:26,2025-11-23 15:49:45,100,979,True,2025-11-23 15:49:46,CEM,"Contreras, Vazquez, Zago",Miscelanea Irlanda,"Real del Monte 18 J, C. Real del Monte Local 2, Santa Cecilia, Sta Cecilia Acatitlan, 54130 Tlalnepantla, Méx.","(19.5552530, -99.1751719)",Secondary,Middle of the street,<20m²,0.0,0.0,False
2025-11-23 16:28:16,2025-11-23 16:32:43,100,267,True,2025-11-23 16:32:45,CCM,"Gomez,Zavala,Castelan",Abarrotes Super Coapa,"Cacahuatales 14, Coapa, Coapa 2da Secc, Tlalpan, 14300 Ciudad de México, CDMX","19.301135916428976, -99.11782655396982",Secondary,Middle of the street,20-50m²,19.2937984,-99.1232,True
2025-11-23 16:22:06,2025-11-23 16:55:20,100,1993,True,2025-11-23 16:55:21,CSF,"Zonenszain,Grinberg,Mendez",Abarrotes El Olivo," Av. El Olivo 700-Loc. 20, El Olivo, 52789 Naucalpan de Juárez, Méx.","19.38904° N, 99.27595° O",Primary,Middle of the street,<20m²,0.0,0.0,False
2025-11-23 17:28:25,2025-11-23 17:31:59,100,213,True,2025-11-23 17:32:00,SIN,"Robles, Brito",Abarrote Don Eduardo,"Del Heno 1131, Residencial Hacienda, 80015 Culiacán Rosales, Sin.","24°50'07""N 107°22'49""W",Secondary,Middle of the street,20-50m²,0.0,0.0,False
2025-11-24 08:08:41,2025-11-24 08:23:31,100,889,True,2025-11-24 08:23:32,SIN,"Higuera,Pe√±a,Sepulbeda",Cremería y abarrotes Lidia,"Sócrates 3208-3224, Obrero Campesino, 80013 Culiacán Rosales, Sin.","24.83200, 107.37988",Primary,Middle of the street,20-50m²,24.83199794016844,-107.379884143868,True
2025-11-24 10:43:47,2025-11-24 10:47:27,100,219,True,2025-11-24 10:47:28,CEM,"Cortes, Peralta",La Negrin,"P.º de Las Villas 59-Local 18 y 19, Villas de la Hacienda, 52929 Cdad. López Mateos, Méx.","19.59752981980685, -99.22971724712171",Secondary,Middle of the street,20-50m²,0.0,0.0,False
2025-11-24 12:25:01,2025-11-24 13:12:42,100,2861,True,2025-11-24 13:12:43,CEM,"Ramos, Rauda, Velázquez",ReStock,"P.º de Montecristo, Alborada, El Terremoto, 54803 Cuautitlán, Méx","19.688634, -99.145588",Primary,Middle of the street,20-50m²,19.5969843,-99.2272152,True
2025-11-24 13:11:49,2025-11-24 13:14:38,100,169,True,2025-11-24 13:14:39,CSF,"Aburto,Delaye,Govela",Abarrotes Mayoli,"Calle División del Nte. 40, Locaxco, Cuajimalpa de Morelos, 05360 Ciudad de México, CDMX","19.354825, -99.290422",Secondary,Middle of the street,<20m²,0.0,0.0,False
2025-11-25 12:17:07,2025-11-25 12:22:02,100,295,True,2025-11-25 12:22:05,CSF,"Sanchez, G√≥mez, Su√°rez",Abarrotes el bohemio,"Av. Tamaulipas 126, Santa Lucía Reacomodo, Álvaro Obregón, 01500 Ciudad de México, CDMX","(19.3564461, - 99.2598321)",Primary,Corner shop,<20m²,19.356516867921865,-99.26004581900514,True
2025-11-26 11:36:44,2025-11-26 11:37:10,100,26,True,2025-11-26 11:37:13,LAG,"Alba,Lucero,Pantoja",w,js,s,Primary,Corner shop,<20m²,0.0,0.0,False
